<wpml-config>
  <admin-texts>
    <key name="besa_tbay_theme_options">
      <key name="copyright_text"/>
      <key name="mobile_footer_menu_recent_title"/>
      <key name="mobile_search_placeholder"/>
      <key name="menu_mobile_title"/>
      <key name="menu_social_slides">
        <key name="0">
          <key name="url"/>
        </key>
        <key name="1">
          <key name="url"/>
        </key>
        <key name="2">
          <key name="url"/>
        </key>
        <key name="3">
          <key name="url"/>
        </key>
      </key>
      <key name="menu_mobile_tab_one"/>
      <key name="menu_mobile_tab_scond"/>
      <key name="sale_tag_custom"/>
      <key name="custom_label_featured"/>
      <key name="size_guide_title"/>
      <key name="html_before_add_to_cart_btn"/>
      <key name="html_after_add_to_cart_btn"/>
      <key name="title_recentview"/>
      <key name="empty_text_recentview"/>
      <key name="recentview_viewall_text"/>
      <key name="text_readmore"/>
    </key>
  </admin-texts>
</wpml-config>