<wpml-config>
  <custom-fields>
    <custom-field action="ignore">tbay_page_layout</custom-field>
    <custom-field action="ignore">tbay_page_left_sidebar</custom-field>
    <custom-field action="ignore">tbay_page_right_sidebar</custom-field>
    <custom-field action="ignore">tbay_page_show_breadcrumb</custom-field>
    <custom-field action="ignore">tbay_page_breadcrumbs_layout</custom-field>
    <custom-field action="ignore">tbay_page_header_type</custom-field>
    <custom-field action="ignore">tbay_page_footer_type</custom-field>
    <custom-field action="ignore">tbay_page_breadcrumb_image_id</custom-field>
    <custom-field action="ignore">tbay_page_breadcrumb_image</custom-field>
    <custom-field action="ignore">tbay_page_extra_class</custom-field>
    <custom-field action="ignore">tbay_page_breadcrumb_color</custom-field>
    <custom-field action="ignore">tbay_post_video_link</custom-field>
    <custom-field action="ignore">tbay_post_audio_link</custom-field>
    <custom-field action="ignore">tbay_post_gallery_files</custom-field>
  </custom-fields>
</wpml-config>